"","alpha_base","gamma_rplc.r.sll","gamma_rdc.nd.cmpnst","gamma_shrt.flghts","gamma_mdm.flghts","gamma_lng.flghts","gamma_dt","gamma_inslt.rf","gamma_inslt.fcd","gamma_rplc.wndws","gamma_vntltn","gamma_ht.pmp","gamma_slr.pnls","gamma_rdc.tmp","gamma_crtfct","gamma_co2.offset","gamma_undercomp.w.offset","asc_rplc.r.sll","asc_rdc.nd.cmpnst","asc_shrt.flghts","asc_mdm.flghts","asc_lng.flghts","asc_dt","asc_inslt.rf","asc_inslt.fcd","asc_rplc.wndws","asc_vntltn","asc_ht.pmp","asc_slr.pnls","asc_rdc.tmp","asc_crtfct","asc_co2.offset","asc_undercomp.w.offset","b_rplc.r.sll_income","b_rdc.nd.cmpnst_income","b_shrt.flghts_income","b_mdm.flghts_income","b_lng.flghts_income","b_dt_income","b_inslt.rf_income","b_inslt.fcd_income","b_rplc.wndws_income","b_vntltn_income","b_ht.pmp_income","b_slr.pnls_income","b_rdc.tmp_income","b_crtfct_income","b_co2.offset_income","b_undercomp.w.offset_income","b_crtfct_price","b_undercomp.w.offset_initial"
"alpha_base",2.58725250162247e-11,-3.00984703866884e-10,-9.90203677145875e-13,-1.11755521793643e-09,-2.12335594632132e-10,-6.62357620056715e-11,-1.44263742120107e-09,-2.15512922241726e-10,-6.32819557194297e-11,-1.61462450780206e-10,-2.22857745130349e-10,-3.51102005027307e-11,-3.17511656392475e-10,-4.33707804452358e-10,4.88721930164438e-12,-1.22075066728615e-10,-9.00534205613199e-11,1.76748525731773e-11,-4.5466579438995e-10,-2.15196603036945e-10,2.71084667171898e-13,-2.16019555585755e-10,-1.79971917669942e-10,-2.23848578710107e-10,-2.0467660805878e-10,-4.05251030665628e-10,-3.03462939437832e-10,-2.53773525190692e-10,-2.65585322442315e-10,-5.04010481035374e-10,-4.18550173728511e-10,-3.32787276882611e-10,-2.50576535735517e-10,-4.40728881511546e-05,-0.000714671262204778,-5.31019280049322e-05,-0.000104789507897355,-6.48873605003892e-05,-6.62740913487411e-05,-0.000176774449771236,-3.37352784227309e-05,-7.98177872257599e-08,-3.13673623871053e-05,-2.57729618240845e-05,-0.000137098247153572,-0.000189851479415895,-4.23894910636176e-05,2.12883157578758e-12,-1.42889846707338e-05,-1.80136564876016e-05,-0.000732172879272512
"gamma_rplc.r.sll",-3.00984703866884e-10,-4.74173261403933,0.100227159773637,0.0203852718181346,0.000551757092993319,-0.0013741127808932,0.0509484505490915,-0.00128252696414544,-0.00147968878816933,-0.000573275583525081,-0.00051563369573326,-0.00204609921048497,0.0202546660476826,0.126016424184961,-0.00564283866932593,-0.00118557401335762,-0.00648566623345004,-10.7739517179435,1.5207928881563,0.217538623612106,0.401623613605177,0.206944487076929,0.755341411028688,0.210652594239423,0.134067143363171,0.210965131266313,0.0799744781933342,0.233485617906425,0.385358491167865,1.40778097544871,0.865507152289436,0.133071078934279,1.14098808538876,-111687.860796209,15320.6349144172,2495.77791248956,4518.08226322809,2389.01584954317,7896.757677883,2253.79605672909,1317.18096736613,2356.40527466584,932.041891176336,2610.67800320231,4464.78021969875,14941.6685511909,9036.6804237849,1361.97520429594,10535.5470825737,94.4468224258132,24952.7260650818
"gamma_rdc.nd.cmpnst",-9.90203677145875e-13,0.100227159773637,-206.659490973524,0.304968913978506,0.0671441845439255,0.00378838982875692,0.822067428583582,0.0100321911705572,0.000294927688111956,0.0178798313216409,0.00335087239100335,0.00161928233771615,0.252988765186638,1.96111314757815,0.0553518699412244,0.00150980601988421,0.0389313228564635,9.17262802511705,-110.808795865876,1.93414721745324,3.75015330142032,1.88142256979564,8.89526863959482,1.66387745395249,1.15721187910155,1.66671858301531,0.665196604861518,2.04275305468267,3.7411344069325,14.8662105900582,9.99771853158349,2.31325679604049,13.8671927711303,88991.4309921536,-1044498.27264077,19318.4113704582,37763.9566612481,18470.8951064855,86824.7909655665,16174.3271260028,10637.6504065704,16713.5522974947,7070.31481582184,20466.701442457,38047.6851544476,139287.381958109,95879.7291905449,21869.6424775903,118615.34820604,1077.05537448201,295568.786043715
"gamma_shrt.flghts",-1.11755521793643e-09,0.0203852718181346,0.304968913978506,-29.9839316006878,0.0315436208556947,0.00184768989082813,0.145299428001703,0.00155959575231581,-3.61771300986411e-05,0.00243624774421308,0.000638467473612918,0.000297439287425619,0.0372207600413214,0.349153303010918,0.00795776000921355,0.000174459307487532,0.00413861673730012,1.31318728495998,2.13429247926815,-22.4394773545965,1.49719255630171,0.800179933333046,1.69147447223257,0.216859529244186,0.150946539266171,0.238175455601785,0.0963085398924801,0.36419254719617,0.543117277157897,2.7265384907497,1.87709708596959,0.378715876887724,2.51746327218547,14565.9669262699,21664.5394374071,-226394.715830342,15365.7944157285,8461.9834279873,17409.5791910774,2530.8759687725,1617.43503617256,2816.20039742535,1212.26009019969,4296.75779764198,7160.32829722492,27521.9916239536,19007.2754172098,3944.50723899683,21787.0817760706,197.83615966125,64253.0655093546
"gamma_mdm.flghts",-2.12335594632132e-10,0.000551757092993319,0.0671441845439255,0.0315436208556947,-1.52886255180422,-0.00165216040922675,0.0285065340068804,-0.00037888936717411,-0.000206423153177087,-0.000227451327147498,-0.000209412882893608,-0.000446597951804801,0.00528093578756673,0.0771680022044523,-0.00376751716579989,-0.000597539277579881,-0.00194801713117701,0.29583558568496,0.497635774052585,0.165987510223718,-5.09538943001786,0.148228416954543,0.406509213818312,0.0472501003961892,0.0309446651548861,0.0496323775243958,0.0203204362720042,0.0654795282718716,0.108497703097883,0.63784326599661,0.440439263315702,0.0598959427753635,0.65699534041341,3193.28829526072,4973.65646196045,1730.77112211641,-50368.5346905266,1501.52241654,4030.28920089623,509.106813316735,307.708265260376,553.510902241841,236.46815607322,760.182513952343,1339.98322884328,6475.95472554482,4450.42652170974,688.110779459013,5579.90954149265,46.6384462805768,16326.0818448634
"gamma_lng.flghts",-6.62357620056715e-11,-0.0013741127808932,0.00378838982875692,0.00184768989082813,-0.00165216040922675,-0.0551216383088565,0.00083740380925262,-0.000330088737052811,-0.000219614040108498,-0.000361145765452678,-0.000186290377709839,-0.000270128901817311,-0.000214429279720117,0.0048632773806861,-0.00183896473863981,-0.000102379550701998,-0.000557984908794821,0.0384036906088933,0.0682710472367489,0.0194775648856816,0.0283073857125169,-0.638558177171445,0.0481394153899157,0.00658933667782066,0.00409742622176083,0.00677292250320145,0.00282115332085328,0.00999709353389466,0.0158125852483741,0.0871561309457156,0.0522933599244593,0.00352389054959247,0.071412053012348,397.192841027276,678.174406870875,209.147046943101,317.814512179661,-6448.82591396207,493.773241446486,72.7320669715029,43.4159197904396,75.9283653621599,34.0442223848785,121.635345354115,194.306052103203,898.15495728551,526.366868365194,37.9291176251126,621.233860252903,5.40200378255788,2447.98591587271
"gamma_dt",-1.44263742120107e-09,0.0509484505490915,0.822067428583582,0.145299428001703,0.0285065340068804,0.00083740380925262,-136.260520377423,0.00252844379854376,-0.000406016743915966,0.00457951259844965,0.000962891111525836,-0.000197671599013477,0.0978130810116553,0.903511182545179,0.0228751649042257,-0.000119173127759823,0.00850977982784421,3.16855985357653,5.10545886568681,0.918020305582519,1.63118795056644,0.842327505613624,-48.5114299162041,0.552078820943507,0.383287920731477,0.577932236836007,0.245894240619073,0.649959192566619,1.31947029220007,6.10345506426806,4.42475456439985,0.862578335345895,6.47049822888784,33804.7517338906,51495.2714408483,9382.6954379449,17629.0265821115,8932.30015058744,-482020.621804976,5626.36655896858,3644.30275904033,6130.02590928839,2772.87918583924,7121.17111107212,14849.5869312845,61017.5042862131,44719.2590265802,8399.78261350287,57459.0993857937,481.178698425841,131771.423759801
"gamma_inslt.rf",-2.15512922241726e-10,-0.00128252696414544,0.0100321911705572,0.00155959575231581,-0.00037888936717411,-0.000330088737052811,0.00252844379854376,-0.946836752941739,-0.00419103555145857,-0.0027354843045542,-0.00101835308414378,-0.00136010118450437,0.00721765192585757,0.0102638258156128,-0.000507517744115424,-0.000460262637231142,-0.00187663923230634,0.117343167870922,0.149962769947109,0.0193065039837913,0.0403698320293939,0.0169641908759989,0.0998930554567089,-1.94840832486362,0.0761124719517658,0.10861188888017,0.0294174331094631,0.135869166335205,0.15339045232376,0.254246571926347,0.12393614312152,0.0103936566361745,0.154487077447977,1223.13572691182,1392.97532948656,182.936450690839,407.613532483471,186.894921712044,1006.04728446071,-18606.0226180797,662.889373010317,1022.61394915552,291.008812457866,1309.34682941638,1446.38566830327,2429.70533144716,1230.54127450079,106.653612697262,1330.0160815276,12.2741456070166,3293.77990162126
"gamma_inslt.fcd",-6.32819557194297e-11,-0.00147968878816933,0.000294927688111956,-3.61771300986411e-05,-0.000206423153177087,-0.000219614040108498,-0.000406016743915966,-0.00419103555145857,-0.219191165919459,-0.00253802483064536,-0.000833183194178837,-0.00127444768908778,-0.00040219345581716,0.000630822314645689,-0.000291289565065598,-0.000188134901955163,-0.000967029147506366,0.0278849083326959,0.0426674400398505,0.0032829850544707,0.00826658603851345,0.00401521822884995,0.0253736250641992,0.0251436506997266,-0.52583610900998,0.028680206840335,0.0072864701742119,0.0358809538196124,0.0381217715930653,0.0683129581080277,0.0315808813206658,0.00177288360707716,0.0428742247908833,240.166097805184,363.476599924757,32.9363652995948,83.7939576781819,46.077419041091,221.580256455233,203.622933734431,-4443.0158110011,238.803519799212,62.1299854139269,309.613070478821,313.992739354949,576.961853169436,272.676673230228,16.305777631194,331.235696217471,3.06779608540416,882.462976254742
"gamma_rplc.wndws",-1.61462450780206e-10,-0.000573275583525081,0.0178798313216409,0.00243624774421308,-0.000227451327147498,-0.000361145765452678,0.00457951259844965,-0.0027354843045542,-0.00253802483064536,-2.07319553830774,-0.000680575287065837,-0.0016925132294174,0.0129095799765796,0.0157046074564567,-0.000881135593263529,-0.000299307672962082,-0.00208578623514525,0.179216183128522,0.212905659818262,0.0277047073826587,0.0596384554515706,0.0264100232648945,0.146250314660143,0.148962948295121,0.109295680839698,-2.80853652437344,0.0438362435513709,0.202092173337491,0.250523425302474,0.361830814251282,0.176166719868357,0.0173862497873617,0.200999927881379,2032.2042973149,2182.86389408809,299.678848905273,643.857335842657,321.840469336636,1633.31994866023,1519.77714502101,1049.36399895826,-29717.0983857824,485.172682545332,2069.64708901857,2680.79388235674,3884.852963983,1946.10802251157,196.973573234663,1897.83992473318,17.3940136053738,4301.38872167568
"gamma_vntltn",-2.22857745130349e-10,-0.00051563369573326,0.00335087239100335,0.000638467473612918,-0.000209412882893608,-0.000186290377709839,0.000962891111525836,-0.00101835308414378,-0.000833183194178837,-0.000680575287065837,-1.57645745742846,-0.000398225686659225,0.00216429693388004,0.0039425124127377,-0.00115119324119173,-0.000105053359393365,-0.000651058057008237,0.0239767450230627,0.038054570871321,0.00645154298839286,0.0103170085750405,0.00780694023956391,0.0264876629298124,0.0148102352654423,0.0102745081177781,0.0168172605904828,-0.440622196263948,0.0145084764521368,0.0387116424985083,0.0540749780331571,0.0301183674016862,0.00254224625121751,0.0391662099482852,280.304867585675,450.525175323314,77.4003040723275,130.435675301868,99.6430819575942,306.34551479371,155.767794016042,103.978665750991,180.296459738609,-4968.2753590889,141.446641997783,442.38585917972,634.98426438263,344.078249319622,26.2090011266187,404.916510698371,2.94742868718597,681.650346225602
"gamma_ht.pmp",-3.51102005027307e-11,-0.00204609921048497,0.00161928233771615,0.000297439287425619,-0.000446597951804801,-0.000270128901817311,-0.000197671599013477,-0.00136010118450437,-0.00127444768908778,-0.0016925132294174,-0.000398225686659225,-0.0179139725583467,-0.00028759486330521,0.000908594236120619,-0.000257323383364883,-3.10664438116477e-11,-2.18177337377104e-05,0.0491618707079014,0.0678156883951448,0.00864695599073937,0.0171498411171428,0.0098613399600614,0.0429013071260363,0.0390220229150828,0.025090458466833,0.0382131192053307,0.0121737253967139,-0.807155759232146,0.0677903182262005,0.0976715059728789,0.0478219438654985,6.38760578414293e-06,0.0534323079227617,561.466130904743,732.179480005851,106.520269655299,200.230517242698,118.882576275151,481.991115398142,402.132823711661,242.195204361399,405.640245602522,138.347214299115,-8685.72847572311,737.265645532158,1049.68028300467,533.355000145938,0.0447140422698687,519.579428752533,5.06765179628239,1950.54039328982
"gamma_slr.pnls",-3.17511656392475e-10,0.0202546660476826,0.252988765186638,0.0372207600413214,0.00528093578756673,-0.000214429279720117,0.0978130810116553,0.00721765192585757,-0.00040219345581716,0.0129095799765796,0.00216429693388004,-0.00028759486330521,-17.8591744885648,0.250860805204892,0.00253571047106969,-0.000662968459352336,-0.000789969442705923,1.81215871552648,2.44313099133568,0.40702748021712,0.73532450310404,0.332314668168536,1.62978407060099,1.24540765410223,0.843896982716357,1.2839122040976,0.511819477379266,1.92867731070534,-28.2967155490895,3.9762732276392,1.94750999038891,0.264155011666921,2.26007213962148,20083.0916806872,25528.9880683406,4876.96653555519,8263.35685771849,4096.37721438118,17883.770377784,12397.0209430339,7895.09312363957,13106.2866719786,5626.67316381605,20741.0249357537,-297663.746772689,41854.4943084256,21005.4011064709,2735.13899207951,21806.9950957175,196.064144577411,44075.7884798593
"gamma_rdc.tmp",-4.33707804452358e-10,0.126016424184961,1.96111314757815,0.349153303010918,0.0771680022044523,0.0048632773806861,0.903511182545179,0.0102638258156128,0.000630822314645689,0.0157046074564567,0.0039425124127377,0.000908594236120619,0.250860805204892,-92.3736531144205,0.0590908458402824,-0.000194130960333637,0.0351379622448926,8.81221675736054,13.0268643238889,2.28514750292359,4.36200804806539,2.28379109172194,10.0721372425057,1.47544372729571,1.02050247346692,1.52552660129364,0.631701674802857,1.99470661417624,3.28550046219581,-117.340657171963,10.9076680321594,2.39441077923153,15.9270415917302,88167.6672810206,123650.418382594,23147.2575203174,43318.30043597,22546.5654700218,97401.6515174021,14724.8394597121,9521.05841588114,15722.7169463016,6967.96405254329,20801.0597986222,35569.7531679663,-1109921.35676671,104103.903976665,22362.8160321828,134696.058076542,1165.59205623485,335199.015421972
"gamma_crtfct",4.88721930164438e-12,-0.00564283866932593,0.0553518699412244,0.00795776000921355,-0.00376751716579989,-0.00183896473863981,0.0228751649042257,-0.000507517744115424,-0.000291289565065598,-0.000881135593263529,-0.00115119324119173,-0.000257323383364883,0.00253571047106969,0.0590908458402824,-0.825580970787467,-0.00187770339492968,-0.00295926281294465,0.301851780232958,0.491370180697041,0.0824815580410866,0.175730701827265,0.0952636732172281,0.400547046494426,0.0315197873548702,0.0207663602874239,0.0310952239544282,0.0160381600272588,0.0229247714787462,0.0806211991968308,0.588593367227619,-4.63434366425599,0.0345581353124923,0.7164025439637,3122.15099009742,4901.47211812523,820.743025815482,1794.80337559948,968.561445135043,4064.01889718785,323.666761636484,198.971865985875,329.191186574406,186.12671904602,241.013013410802,904.518210116128,5882.71049152594,-45256.3034141006,329.666757183676,6240.83257202455,-488.767486234045,14745.9220015737
"gamma_co2.offset",-1.22075066728615e-10,-0.00118557401335762,0.00150980601988421,0.000174459307487532,-0.000597539277579881,-0.000102379550701998,-0.000119173127759823,-0.000460262637231142,-0.000188134901955163,-0.000299307672962082,-0.000105053359393365,-3.10664438116477e-11,-0.000662968459352336,-0.000194130960333637,-0.00187770339492968,-0.204083931784583,-7.90518112864279e-11,0.0261537322505974,0.0372106034318496,0.0110293652144463,0.013441387898066,0.00672397938762361,0.029864809806273,0.00338384591511526,0.00225430059939682,0.0037194687769073,0.00146462063075887,0.00268434385687807,0.00944732868256549,0.0526824100369377,0.0384630989739884,-0.389093366444907,0.0517225102970121,270.2499562636,393.48964693401,117.351384519207,152.222451748075,70.4963274262309,307.373013244843,35.3138887430792,22.3580104750069,41.5313903129572,16.3313614531299,21.7946596594256,96.913970422559,518.348220637867,394.814714222187,-3883.50935451352,458.781909003837,3.34839043998363,1053.63057856729
"gamma_undercomp.w.offset",-9.00534205613199e-11,-0.00648566623345004,0.0389313228564635,0.00413861673730012,-0.00194801713117701,-0.000557984908794821,0.00850977982784421,-0.00187663923230634,-0.000967029147506366,-0.00208578623514525,-0.000651058057008237,-2.18177337377104e-05,-0.000789969442705923,0.0351379622448926,-0.00295926281294465,-7.90518112864279e-11,-0.680329491866796,0.354637320524654,0.501447046358252,0.0807635052404365,0.13470485370343,0.0622937573438804,0.365169081411403,0.0645965347127906,0.0458071290556142,0.060139371862995,0.0210481478961726,0.0636410339662801,0.151803874389778,0.731762090640178,0.46573514555786,0.19938094974622,-4.50583495657381,2852.5605510139,3763.4480560293,666.983791569489,1078.1225412586,534.280622903956,2777.33790563913,498.878841382886,333.197682343596,477.198311787556,180.604763901347,526.140716820805,1261.25632746261,5385.00629453467,3511.12541739335,1572.30161417876,-34178.0078264685,51.3805534410205,-93985.5381125155
"asc_rplc.r.sll",1.76748525731773e-11,-10.7739517179435,9.17262802511705,1.31318728495998,0.29583558568496,0.0384036906088933,3.16855985357653,0.117343167870922,0.0278849083326959,0.179216183128522,0.0239767450230627,0.0491618707079014,1.81215871552648,8.81221675736054,0.301851780232958,0.0261537322505974,0.354637320524654,-627.366752361123,72.5548690258363,12.1333918461805,21.3572223028849,10.7927520171568,47.2402540031465,12.2006376804173,8.35850074613075,12.2892009354323,4.60357466808587,18.6164140600628,26.7735819854273,87.5441824269235,51.5726022783147,12.7925263998932,62.7199298159338,-6151349.02880613,698372.737508819,129499.413555559,225685.490053721,116213.117528157,473017.771455372,119246.129286988,77015.0819620693,125388.873112755,50459.0245134722,202442.254753388,279141.489826873,855591.275041616,512200.58835301,125002.027993128,559042.587747231,5503.72113120393,1414253.76420213
"asc_rdc.nd.cmpnst",-4.5466579438995e-10,1.5207928881563,-110.808795865876,2.13429247926815,0.497635774052585,0.0682710472367489,5.10545886568681,0.149962769947109,0.0426674400398505,0.212905659818262,0.038054570871321,0.0678156883951448,2.44313099133568,13.0268643238889,0.491370180697041,0.0372106034318496,0.501447046358252,72.5548690258363,-925.2995207394,19.1847359363859,32.1955192836352,18.1938406685708,71.7644320966454,17.9427845558493,12.2240104710532,18.0112093023438,6.39388437426549,25.6770023084311,36.6908352397689,134.855116101283,78.4245280669369,16.9485543398517,102.418499623674,698372.737646644,-8711278.72626771,195111.904510173,323531.40801774,184005.535981265,685851.631169493,169857.073647955,108061.238602753,177029.271379182,67264.539587514,259097.212901854,373199.673747455,1264837.93142446,742509.58999929,156184.949472094,874938.214729454,8357.63383983647,2322879.69950332
"asc_shrt.flghts",-2.15196603036945e-10,0.217538623612106,1.93414721745324,-22.4394773545965,0.165987510223718,0.0194775648856816,0.918020305582519,0.0193065039837913,0.0032829850544707,0.0277047073826587,0.00645154298839286,0.00864695599073937,0.40702748021712,2.28514750292359,0.0824815580410866,0.0110293652144463,0.0807635052404365,12.1333918461805,19.1847359363859,-183.292960273483,11.5238526880144,5.99575116364977,13.0614477053792,2.45222567742939,1.62671398622196,2.59266754561389,0.966462276181274,3.83976773940274,5.89028528308259,24.3614862379945,14.1825176673198,3.27348762466129,17.5695217980477,129499.413150494,195111.902899896,-1852120.416419,118216.990697276,65240.1443350027,134977.027923071,26992.9716851718,16323.0212005995,29555.9619439295,11558.9989396943,42372.3940408573,71589.7292627001,239895.620072586,144185.722821439,33702.5461901973,156008.018495006,1417.61157291202,437320.1520485
"asc_mdm.flghts",2.71084667171898e-13,0.401623613605177,3.75015330142032,1.49719255630171,-5.09538943001786,0.0283073857125169,1.63118795056644,0.0403698320293939,0.00826658603851345,0.0596384554515706,0.0103170085750405,0.0171498411171428,0.73532450310404,4.36200804806539,0.175730701827265,0.013441387898066,0.13470485370343,21.3572223028849,32.1955192836352,11.5238526880144,-308.558810266007,8.87324503599931,23.3473546174057,4.15972760415632,2.78846659985729,4.32529065959131,1.63512732030792,6.87605988710192,9.49093808519357,41.7586927518795,24.016555437095,5.42916888499559,31.7665662398318,225685.490355127,323531.406889462,118216.990711609,-3088349.08306081,93765.2753611545,235320.735831658,44249.4639977918,27482.2214893786,47760.0714293137,19089.0498339208,77746.1493878991,108790.246091536,417133.615878374,242171.724886901,55273.1331123477,280940.446073564,2546.43501717357,794440.026019375
"asc_lng.flghts",-2.16019555585755e-10,0.206944487076929,1.88142256979564,0.800179933333046,0.148228416954543,-0.638558177171445,0.842327505613624,0.0169641908759989,0.00401521822884995,0.0264100232648945,0.00780694023956391,0.0098613399600614,0.332314668168536,2.28379109172194,0.0952636732172281,0.00672397938762361,0.0622937573438804,10.7927520171568,18.1938406685708,5.99575116364977,8.87324503599931,-167.088331343955,12.3852550969919,1.99772334227682,1.28544622306334,2.068396589179,0.892675088821932,3.75930800760061,5.48966400273967,23.8323104086862,12.2538557820282,2.67854855876023,16.1117969694457,116213.117214692,184005.535135107,65240.1444917696,93765.2745586685,-1705784.5984764,127190.255388694,21466.5808935749,12700.5412188862,23082.0499074379,10623.8803898233,45650.7110101151,64103.1971388975,242894.907176944,125134.125891875,27861.6153052168,144444.100233948,1257.63833897642,518349.139525659
"asc_dt",-1.79971917669942e-10,0.755341411028688,8.89526863959482,1.69147447223257,0.406509213818312,0.0481394153899157,-48.5114299162041,0.0998930554567089,0.0253736250641992,0.146250314660143,0.0264876629298124,0.0429013071260363,1.62978407060099,10.0721372425057,0.400547046494426,0.029864809806273,0.365169081411403,47.2402540031465,71.7644320966454,13.0614477053792,23.3473546174057,12.3852550969919,-677.503121273116,11.5803092479217,7.82392883714948,11.7651818709077,4.24050698666067,16.3636957430592,24.8401679786686,94.7902081711084,57.6008696153574,12.8578419928134,76.1884505922705,473017.771537453,685851.629758412,134977.027678772,235320.73596773,127190.255524147,-6482989.59426119,114176.972179788,72414.0461573258,120251.832136477,46220.7875916877,171598.861190219,259491.290416962,901984.463357231,557049.700974711,120775.470007493,655538.737270657,6102.51574738208,1688034.22036895
"asc_inslt.rf",-2.23848578710107e-10,0.210652594239423,1.66387745395249,0.216859529244186,0.0472501003961892,0.00658933667782066,0.552078820943507,-1.94840832486362,0.0251436506997266,0.148962948295121,0.0148102352654423,0.0390220229150828,1.24540765410223,1.47544372729571,0.0315197873548702,0.00338384591511526,0.0645965347127906,12.2006376804173,17.9427845558493,2.45222567742939,4.15972760415632,1.99772334227682,11.5803092479217,-224.679051331152,10.6973576330719,15.4923653222544,3.62529373016424,14.7512269805491,23.1261676131149,28.9293615252304,13.6745413335946,2.22862404270913,16.1685237078392,119246.128899331,169857.07126301,26992.9717344816,44249.4634102807,21466.5813508095,114176.972848082,-2132208.94294547,92768.3138899862,148697.322495527,35922.5858241447,139282.331322969,217112.112958,274276.950478667,133320.120699159,20942.1303730542,141058.702492391,1397.77143838373,327066.543421037
"asc_inslt.fcd",-2.0467660805878e-10,0.134067143363171,1.15721187910155,0.150946539266171,0.0309446651548861,0.00409742622176083,0.383287920731477,0.0761124719517658,-0.52583610900998,0.109295680839698,0.0102745081177781,0.025090458466833,0.843896982716357,1.02050247346692,0.0207663602874239,0.00225430059939682,0.0458071290556142,8.35850074613075,12.2240104710532,1.62671398622196,2.78846659985729,1.28544622306334,7.82392883714948,10.6973576330719,-157.227084349785,10.4377698983059,2.44220215761624,10.3450526088208,15.794331754123,19.7953554011138,9.31696383014416,1.5055942482415,11.5411420533301,77015.081955483,108061.238575576,16323.021638853,27482.2214262047,12700.5411500552,72414.0461122898,92768.313933489,-1401877.34971091,93830.8743925373,22642.4850485572,91527.5621184444,139056.744181723,175964.14951282,85243.845638361,13259.8754161749,94754.5770579097,952.041695902134,236160.084337477
"asc_rplc.wndws",-4.05251030665628e-10,0.210965131266313,1.66671858301531,0.238175455601785,0.0496323775243958,0.00677292250320145,0.577932236836007,0.10861188888017,0.028680206840335,-2.80853652437344,0.0168172605904828,0.0382131192053307,1.2839122040976,1.52552660129364,0.0310952239544282,0.0037194687769073,0.060139371862995,12.2892009354323,18.0112093023438,2.59266754561389,4.32529065959131,2.068396589179,11.7651818709077,15.4923653222544,10.4377698983059,-225.458276020449,3.67312618987921,14.6886143140256,22.6609017627574,29.1157770952967,13.9322931326093,2.20314936869098,16.0986354484918,125388.872540847,177029.270663963,29555.9619478364,47760.0704326956,23082.0496838753,120251.832006698,148697.322269108,93830.8740735222,-2212661.77312451,37763.2020193839,144987.924601381,219886.92521373,285346.701926621,140836.92927249,21552.5974508587,145331.77411145,1430.29247308677,327603.824159122
"asc_vntltn",-3.03462939437832e-10,0.0799744781933342,0.665196604861518,0.0963085398924801,0.0203204362720042,0.00282115332085328,0.245894240619073,0.0294174331094631,0.0072864701742119,0.0438362435513709,-0.440622196263948,0.0121737253967139,0.511819477379266,0.631701674802857,0.0160381600272588,0.00146462063075887,0.0210481478961726,4.60357466808587,6.39388437426549,0.966462276181274,1.63512732030792,0.892675088821932,4.24050698666067,3.62529373016424,2.44220215761624,3.67312618987921,-79.6021590550729,4.6983114743217,7.90400824918312,10.5010732691859,5.00157650467287,0.819014007000194,5.67347832537146,50459.0242762449,67264.5366248128,11558.9987410862,19089.0490219439,10623.8799967215,46220.7872014065,35922.5848805585,22642.484737821,37763.2019673147,-834318.938253103,49842.2565526106,83390.9258382298,110021.53845952,53650.3103672374,8544.46480430773,54519.2113018601,517.410153161865,105494.12305664
"asc_ht.pmp",-2.53773525190692e-10,0.233485617906425,2.04275305468267,0.36419254719617,0.0654795282718716,0.00999709353389466,0.649959192566619,0.135869166335205,0.0358809538196124,0.202092173337491,0.0145084764521368,-0.807155759232146,1.92867731070534,1.99470661417624,0.0229247714787462,0.00268434385687807,0.0636410339662801,18.6164140600628,25.6770023084311,3.83976773940274,6.87605988710192,3.75930800760061,16.3636957430592,14.7512269805491,10.3450526088208,14.6886143140256,4.6983114743217,-291.980020016987,28.5531514024659,33.7960229079148,18.266464003829,2.29622319345098,20.0453680942819,202442.254505565,259097.210300318,42372.3941078531,77746.1493331374,45650.7113948912,171598.861203942,139282.330785168,91527.5621278416,144987.924963892,49842.2569131854,-2949701.75396797,285022.019106167,341900.838912587,190016.786846916,24027.2470011279,181643.772324779,1884.0862756437,698964.872704686
"asc_slr.pnls",-2.65585322442315e-10,0.385358491167865,3.7411344069325,0.543117277157897,0.108497703097883,0.0158125852483741,1.31947029220007,0.15339045232376,0.0381217715930653,0.250523425302474,0.0387116424985083,0.0677903182262005,-28.2967155490895,3.28550046219581,0.0806211991968308,0.00944732868256549,0.151803874389778,26.7735819854273,36.6908352397689,5.89028528308259,9.49093808519357,5.48966400273967,24.8401679786686,23.1261676131149,15.794331754123,22.6609017627574,7.90400824918312,28.5531514024659,-431.054487335169,62.7394719008969,29.3306563723526,5.5089846344527,32.5481923731395,279141.489784456,373199.670771377,71589.7286402531,108790.246323767,64103.1975881948,259491.290085554,217112.112699035,139056.744424038,219886.92556816,83390.9265055352,285022.019050168,-4339099.60026499,633803.569561945,303791.762865229,55101.9338933845,303034.44939485,3033.13486190015,611965.892407149
"asc_rdc.tmp",-5.04010481035374e-10,1.40778097544871,14.8662105900582,2.7265384907497,0.63784326599661,0.0871561309457156,6.10345506426806,0.254246571926347,0.0683129581080277,0.361830814251282,0.0540749780331571,0.0976715059728789,3.9762732276392,-117.340657171963,0.588593367227619,0.0526824100369377,0.731762090640178,87.5441824269235,134.855116101283,24.3614862379945,41.7586927518795,23.8323104086862,94.7902081711084,28.9293615252304,19.7953554011138,29.1157770952967,10.5010732691859,33.7960229079148,62.7394719008969,-1215.99665674413,106.411602017691,24.0105663380689,136.450337363883,855591.275120798,1264837.92734062,239895.619673378,417133.614799893,242894.907126791,901984.462950709,274276.949748667,175964.149011808,285346.701834323,110021.539133585,341900.838672624,633803.568773059,-11393397.9569595,998215.015570987,216448.164753589,1151252.95441793,11164.4000346155,2505639.29393302
"asc_crtfct",-4.18550173728511e-10,0.865507152289436,9.99771853158349,1.87709708596959,0.440439263315702,0.0522933599244593,4.42475456439985,0.12393614312152,0.0315808813206658,0.176166719868357,0.0301183674016862,0.0478219438654985,1.94750999038891,10.9076680321594,-4.63434366425599,0.0384630989739884,0.46573514555786,51.5726022783147,78.4245280669369,14.1825176673198,24.016555437095,12.2538557820282,57.6008696153574,13.6745413335946,9.31696383014416,13.9322931326093,5.00157650467287,18.266464003829,29.3306563723526,106.411602017691,-740.733552061139,16.0527768389881,82.0400385240229,512200.588004196,742509.586436788,144185.722821195,242171.72414447,125134.125585289,557049.700597477,133320.119841216,85243.8452611913,140836.929334601,53650.3105499,190016.786737702,303791.762093837,998215.015154679,-7019353.30265518,149279.028447454,698590.385208573,-78161.1049031006,1723031.58548164
"asc_co2.offset",-3.32787276882611e-10,0.133071078934279,2.31325679604049,0.378715876887724,0.0598959427753635,0.00352389054959247,0.862578335345895,0.0103936566361745,0.00177288360707716,0.0173862497873617,0.00254224625121751,6.38760578414293e-06,0.264155011666921,2.39441077923153,0.0345581353124923,-0.389093366444907,0.19938094974622,12.7925263998932,16.9485543398517,3.27348762466129,5.42916888499559,2.67854855876023,12.8578419928134,2.22862404270913,1.5055942482415,2.20314936869098,0.819014007000194,2.29622319345098,5.5089846344527,24.0105663380689,16.0527768389881,-163.792534132942,14.2095351782474,125002.027844615,156184.94778159,33702.5461817313,55273.1329278829,27861.6150308956,120775.469738927,20942.1298670793,13259.8752716675,21552.5974885691,8544.46480837753,24027.2468572624,55101.9336013567,216448.164529627,149279.028393836,-1511079.43209363,117080.35249503,1754.65378249475,297157.599726213
"asc_undercomp.w.offset",-2.50576535735517e-10,1.14098808538876,13.8671927711303,2.51746327218547,0.65699534041341,0.071412053012348,6.47049822888784,0.154487077447977,0.0428742247908833,0.200999927881379,0.0391662099482852,0.0534323079227617,2.26007213962148,15.9270415917302,0.7164025439637,0.0517225102970121,-4.50583495657381,62.7199298159338,102.418499623674,17.5695217980477,31.7665662398318,16.1117969694457,76.1884505922705,16.1685237078392,11.5411420533301,16.0986354484918,5.67347832537146,20.0453680942819,32.5481923731395,136.450337363883,82.0400385240229,14.2095351782474,-940.997938165833,559042.587560693,874938.211824428,156008.018762676,280940.445970474,144444.100673424,655538.73717023,141058.702719537,94754.5769053973,145331.774651092,54519.2115088229,181643.772320145,303034.449253747,1151252.95461283,698590.385497245,117080.352780116,-8036182.05486381,8688.89938923621,-20274028.29944
"b_rplc.r.sll_income",-4.40728881511546e-05,-111687.860796209,88991.4309921536,14565.9669262699,3193.28829526072,397.192841027276,33804.7517338906,1223.13572691182,240.166097805184,2032.2042973149,280.304867585675,561.466130904743,20083.0916806872,88167.6672810206,3122.15099009742,270.2499562636,2852.5605510139,-6151349.02880613,698372.737646644,129499.413150494,225685.490355127,116213.117214692,473017.771537453,119246.128899331,77015.081955483,125388.872540847,50459.0242762449,202442.254505565,279141.489784456,855591.275120798,512200.588004196,125002.027844615,559042.587560693,-70302959172.5455,7818618563.15113,1609355449.08634,2769129312.60376,1439960820.91724,5499149076.20276,1366651266.98661,833649649.849902,1494480081.89933,635856837.382899,2578450841.23307,3365195812.67465,9753813666.52015,5920099682.40218,1423634774.48761,5788344118.01426,54581349.8133214,12754080713.4643
"b_rdc.nd.cmpnst_income",-0.000714671262204778,15320.6349144172,-1044498.27264077,21664.5394374071,4973.65646196045,678.174406870875,51495.2714408483,1392.97532948656,363.476599924757,2182.86389408809,450.525175323314,732.179480005851,25528.9880683406,123650.418382594,4901.47211812523,393.48964693401,3763.4480560293,698372.737508819,-8711278.72626771,195111.902899896,323531.406889462,184005.535135107,685851.629758412,169857.07126301,108061.238575576,177029.270663963,67264.5366248128,259097.210300318,373199.670771377,1264837.92734062,742509.586436788,156184.94778159,874938.211824428,7818618563.15113,-95830674875.8889,2305293844.08954,3769998738.34196,2145807763.41606,7651439359.98059,1870721280.8021,1114783142.10432,2019739492.83766,813041095.046189,3042419855.12628,4398451518.87097,13839863040.5309,8218984839.01527,1693440889.67182,8754521836.64955,78912941.1919413,19871784075.9668
"b_shrt.flghts_income",-5.31019280049322e-05,2495.77791248956,19318.4113704582,-226394.715830342,1730.77112211641,209.147046943101,9382.6954379449,182.936450690839,32.9363652995948,299.678848905273,77.4003040723275,106.520269655299,4876.96653555519,23147.2575203174,820.743025815482,117.351384519207,666.983791569489,129499.413555559,195111.904510173,-1852120.416419,118216.990711609,65240.1444917696,134977.027678772,26992.9717344816,16323.021638853,29555.9619478364,11558.9987410862,42372.3941078531,71589.7286402531,239895.619673378,144185.722821195,33702.5461817313,156008.018762676,1609355449.08634,2305293844.08954,-21914718727.7862,1427557588.78111,811143234.589213,1622655228.88601,338490137.851231,190148639.434591,381857962.257268,156286177.811623,541139750.051572,985189031.104647,2785879578.23284,1710312099.47075,406570488.871568,1631220183.89754,14305227.2604433,3994303646.25537
"b_mdm.flghts_income",-0.000104789507897355,4518.08226322809,37763.9566612481,15365.7944157285,-50368.5346905266,317.814512179661,17629.0265821115,407.613532483471,83.7939576781819,643.857335842657,130.435675301868,200.230517242698,8263.35685771849,43318.30043597,1794.80337559948,152.222451748075,1078.1225412586,225685.490053721,323531.40801774,118216.990697276,-3088349.08306081,93765.2745586685,235320.73596773,44249.4634102807,27482.2214262047,47760.0704326956,19089.0490219439,77746.1493331374,108790.246323767,417133.614799893,242171.72414447,55273.1329278829,280940.445970474,2769129312.60376,3769998738.34196,1427557588.78111,-36160603108.6051,1152260063.94851,2773381177.22579,532870195.691083,310621666.320001,591900285.265742,250261745.103649,1011304967.57125,1402803352.81088,4868631516.35468,2868247419.23382,660152780.182361,2939533981.93564,25479647.4151671,7111360260.86889
"b_lng.flghts_income",-6.48873605003892e-05,2389.01584954317,18470.8951064855,8461.9834279873,1501.52241654,-6448.82591396207,8932.30015058744,186.894921712044,46.077419041091,321.840469336636,99.6430819575942,118.882576275151,4096.37721438118,22546.5654700218,968.561445135043,70.4963274262309,534.280622903956,116213.117528157,184005.535981265,65240.1443350027,93765.2753611545,-1705784.5984764,127190.255524147,21466.5813508095,12700.5411500552,23082.0496838753,10623.8799967215,45650.7113948912,64103.1975881948,242894.907126791,125134.125585289,27861.6150308956,144444.100673424,1439960820.91724,2145807763.41606,811143234.589213,1152260063.94851,-20184900136.8093,1509282875.74896,267268074.589407,147001215.94808,295561881.73774,142021155.361101,632427186.272061,842009507.708047,2858101970.01776,1479448748.50207,339201173.962173,1516817339.20163,12655597.7863754,4720061927.40717
"b_dt_income",-6.62740913487411e-05,7896.757677883,86824.7909655665,17409.5791910774,4030.28920089623,493.773241446486,-482020.621804976,1006.04728446071,221.580256455233,1633.31994866023,306.34551479371,481.991115398142,17883.770377784,97401.6515174021,4064.01889718785,307.373013244843,2777.33790563913,473017.771455372,685851.631169493,134977.027923071,235320.735831658,127190.255388694,-6482989.59426119,114176.972848082,72414.0461122898,120251.832006698,46220.7872014065,171598.861203942,259491.290085554,901984.462950709,557049.700597477,120775.469738927,655538.73717023,5499149076.20276,7651439359.98059,1622655228.88601,2773381177.22579,1509282875.74896,-72886216924.6635,1306780386.86227,779691716.783754,1418454509.76469,575820246.75528,2092248054.06036,3124075826.74571,10088214980.4102,6341709434.92945,1337130470.72872,6693119669.25773,58679491.9867534,14798730474.4426
"b_inslt.rf_income",-0.000176774449771236,2253.79605672909,16174.3271260028,2530.8759687725,509.106813316735,72.7320669715029,5626.36655896858,-18606.0226180797,203.622933734431,1519.77714502101,155.767794016042,402.132823711661,12397.0209430339,14724.8394597121,323.666761636484,35.3138887430792,498.878841382886,119246.129286988,169857.073647955,26992.9716851718,44249.4639977918,21466.5808935749,114176.972179788,-2132208.94294547,92768.313933489,148697.322269108,35922.5848805585,139282.330785168,217112.112699035,274276.949748667,133320.119841216,20942.1298670793,141058.702719537,1366651266.98661,1870721280.8021,338490137.851231,532870195.691083,267268074.589407,1306780386.86227,-23564058605.2623,937624986.728675,1653186084.41488,413693292.716916,1538889370.19333,2376857595.48939,3026265281.52351,1508878689.24858,229381000.748566,1430501185.4897,13724734.774567,2895646687.64971
"b_inslt.fcd_income",-3.37352784227309e-05,1317.18096736613,10637.6504065704,1617.43503617256,307.708265260376,43.4159197904396,3644.30275904033,662.889373010317,-4443.0158110011,1049.36399895826,103.978665750991,242.195204361399,7895.09312363957,9521.05841588114,198.971865985875,22.3580104750069,333.197682343596,77015.0819620693,108061.238602753,16323.0212005995,27482.2214893786,12700.5412188862,72414.0461573258,92768.3138899862,-1401877.34971091,93830.8740735222,22642.484737821,91527.5621278416,139056.744424038,175964.149011808,85243.8452611913,13259.8752716675,94754.5769053973,833649649.849902,1114783142.10432,190148639.434591,310621666.320001,147001215.94808,779691716.783754,937624986.728675,-14600259364.5428,981479881.096567,245245085.171303,949000747.835496,1429361610.15736,1827582724.49822,909431821.407077,136701481.244475,910114362.521642,8797411.84669058,1952984922.78437
"b_rplc.wndws_income",-7.98177872257599e-08,2356.40527466584,16713.5522974947,2816.20039742535,553.510902241841,75.9283653621599,6130.02590928839,1022.61394915552,238.803519799212,-29717.0983857824,180.296459738609,405.640245602522,13106.2866719786,15722.7169463016,329.191186574406,41.5313903129572,477.198311787556,125388.873112755,177029.271379182,29555.9619439295,47760.0714293137,23082.0499074379,120251.832136477,148697.322495527,93830.8743925373,-2212661.77312451,37763.2019673147,144987.924963892,219886.92556816,285346.701834323,140836.929334601,21552.5974885691,145331.774651092,1494480081.89933,2019739492.83766,381857962.257268,591900285.265742,295561881.73774,1418454509.76469,1653186084.41488,981479881.096567,-25180721235.2258,449236853.784062,1667506405.15163,2466980801.25947,3239913431.49503,1646265693.95078,245457755.242205,1520665024.55373,14608474.7729076,3003914865.46957
"b_vntltn_income",-3.13673623871053e-05,932.041891176336,7070.31481582184,1212.26009019969,236.46815607322,34.0442223848785,2772.87918583924,291.008812457866,62.1299854139269,485.172682545332,-4968.2753590889,138.347214299115,5626.67316381605,6967.96405254329,186.12671904602,16.3313614531299,180.604763901347,50459.0245134722,67264.539587514,11558.9989396943,19089.0498339208,10623.8803898233,46220.7875916877,35922.5858241447,22642.4850485572,37763.2020193839,-834318.938253103,49842.2569131854,83390.9265055352,110021.539133585,53650.3105499,8544.46480837753,54519.2115088229,635856837.382899,813041095.046189,156286177.811623,250261745.103649,142021155.361101,575820246.75528,413693292.716916,245245085.171303,449236853.784062,-10062630667.3293,615221045.499213,1009832832.90245,1322253907.92327,659144403.608176,102000954.085499,602853435.660537,5560234.17989797,1023458736.93039
"b_ht.pmp_income",-2.57729618240845e-05,2610.67800320231,20466.701442457,4296.75779764198,760.182513952343,121.635345354115,7121.17111107212,1309.34682941638,309.613070478821,2069.64708901857,141.446641997783,-8685.72847572311,20741.0249357537,20801.0597986222,241.013013410802,21.7946596594256,526.140716820805,202442.254753388,259097.212901854,42372.3940408573,77746.1493878991,45650.7110101151,171598.861190219,139282.331322969,91527.5621184444,144987.924601381,49842.2565526106,-2949701.75396797,285022.019050168,341900.838672624,190016.786737702,24027.2468572624,181643.772320145,2578450841.23307,3042419855.12628,541139750.051572,1011304967.57125,632427186.272061,2092248054.06036,1538889370.19333,949000747.835496,1667506405.15163,615221045.499213,-34832202244.2254,3308157973.63748,4044401230.48699,2306581740.24065,301769426.7733,1932462067.15508,19561235.0695617,6435367024.51513
"b_slr.pnls_income",-0.000137098247153572,4464.78021969875,38047.6851544476,7160.32829722492,1339.98322884328,194.306052103203,14849.5869312845,1446.38566830327,313.992739354949,2680.79388235674,442.38585917972,737.265645532158,-297663.746772689,35569.7531679663,904.518210116128,96.913970422559,1261.25632746261,279141.489826873,373199.673747455,71589.7292627001,108790.246091536,64103.1971388975,259491.290416962,217112.112958,139056.744181723,219886.92521373,83390.9258382298,285022.019106167,-4339099.60026499,633803.568773059,303791.762093837,55101.9336013567,303034.449253747,3365195812.67465,4398451518.87097,985189031.104647,1402803352.81088,842009507.708047,3124075826.74571,2376857595.48939,1429361610.15736,2466980801.25947,1009832832.90245,3308157973.63748,-50481887815.8443,7380197228.04156,3614845419.63645,630128240.443144,3250445816.21852,31514180.2402849,5757981684.33713
"b_rdc.tmp_income",-0.000189851479415895,14941.6685511909,139287.381958109,27521.9916239536,6475.95472554482,898.15495728551,61017.5042862131,2429.70533144716,576.961853169436,3884.852963983,634.98426438263,1049.68028300467,41854.4943084256,-1109921.35676671,5882.71049152594,518.348220637867,5385.00629453467,855591.275041616,1264837.93142446,239895.620072586,417133.615878374,242894.907176944,901984.463357231,274276.950478667,175964.14951282,285346.701926621,110021.53845952,341900.838912587,633803.569561945,-11393397.9569595,998215.015154679,216448.164529627,1151252.95461283,9753813666.52015,13839863040.5309,2785879578.23284,4868631516.35468,2858101970.01776,10088214980.4102,3026265281.52351,1827582724.49822,3239913431.49503,1322253907.92327,4044401230.48699,7380197228.04156,-125416730379.257,11017665912.251,2293184591.9042,11513348282.2076,104260849.534562,21592342299.633
"b_crtfct_income",-4.23894910636176e-05,9036.6804237849,95879.7291905449,19007.2754172098,4450.42652170974,526.366868365194,44719.2590265802,1230.54127450079,272.676673230228,1946.10802251157,344.078249319622,533.355000145938,21005.4011064709,104103.903976665,-45256.3034141006,394.814714222187,3511.12541739335,512200.58835301,742509.58999929,144185.722821439,242171.724886901,125134.125891875,557049.700974711,133320.120699159,85243.845638361,140836.92927249,53650.3103672374,190016.786846916,303791.762865229,998215.015570987,-7019353.30265518,149279.028393836,698590.385497245,5920099682.40218,8218984839.01527,1710312099.47075,2868247419.23382,1479448748.50207,6341709434.92945,1508878689.24858,909431821.407077,1646265693.95078,659144403.608176,2306581740.24065,3614845419.63645,11017665912.251,-78274282082.7127,1638544788.19392,7066087950.84432,-738132335.754945,14935646826.4882
"b_co2.offset_income",2.12883157578758e-12,1361.97520429594,21869.6424775903,3944.50723899683,688.110779459013,37.9291176251126,8399.78261350287,106.653612697262,16.305777631194,196.973573234663,26.2090011266187,0.0447140422698687,2735.13899207951,22362.8160321828,329.666757183676,-3883.50935451352,1572.30161417876,125002.027993128,156184.949472094,33702.5461901973,55273.1331123477,27861.6153052168,120775.470007493,20942.1303730542,13259.8754161749,21552.5974508587,8544.46480430773,24027.2470011279,55101.9338933845,216448.164753589,149279.028447454,-1511079.43209363,117080.352780116,1423634774.48761,1693440889.67182,406570488.871568,660152780.182361,339201173.962173,1337130470.72872,229381000.748566,136701481.244475,245457755.242205,102000954.085499,301769426.7733,630128240.443144,2293184591.9042,1638544788.19392,-16449413323.0763,1145221902.60755,16215590.9268723,2503033409.93065
"b_undercomp.w.offset_income",-1.42889846707338e-05,10535.5470825737,118615.34820604,21787.0817760706,5579.90954149265,621.233860252903,57459.0993857937,1330.0160815276,331.235696217471,1897.83992473318,404.916510698371,519.579428752533,21806.9950957175,134696.058076542,6240.83257202455,458.781909003837,-34178.0078264685,559042.587747231,874938.214729454,156008.018495006,280940.446073564,144444.100233948,655538.737270657,141058.702492391,94754.5770579097,145331.77411145,54519.2113018601,181643.772324779,303034.44939485,1151252.95441793,698590.385208573,117080.35249503,-8036182.05486381,5788344118.01426,8754521836.64955,1631220183.89754,2939533981.93564,1516817339.20163,6693119669.25773,1430501185.4897,910114362.521642,1520665024.55373,602853435.660537,1932462067.15508,3250445816.21852,11513348282.2076,7066087950.84432,1145221902.60755,-81122236178.9187,73718380.3984928,-176160295783.982
"b_crtfct_price",-1.80136564876016e-05,94.4468224258132,1077.05537448201,197.83615966125,46.6384462805768,5.40200378255788,481.178698425841,12.2741456070166,3.06779608540416,17.3940136053738,2.94742868718597,5.06765179628239,196.064144577411,1165.59205623485,-488.767486234045,3.34839043998363,51.3805534410205,5503.72113120393,8357.63383983647,1417.61157291202,2546.43501717357,1257.63833897642,6102.51574738208,1397.77143838373,952.041695902134,1430.29247308677,517.410153161865,1884.0862756437,3033.13486190015,11164.4000346155,-78161.1049031006,1754.65378249475,8688.89938923621,54581349.8133214,78912941.1919413,14305227.2604433,25479647.4151671,12655597.7863754,58679491.9867534,13724734.774567,8797411.84669058,14608474.7729076,5560234.17989797,19561235.0695617,31514180.2402849,104260849.534562,-738132335.754945,16215590.9268723,73718380.3984928,-10636985.548948,183192885.262987
"b_undercomp.w.offset_initial",-0.000732172879272512,24952.7260650818,295568.786043715,64253.0655093546,16326.0818448634,2447.98591587271,131771.423759801,3293.77990162126,882.462976254742,4301.38872167568,681.650346225602,1950.54039328982,44075.7884798593,335199.015421972,14745.9220015737,1053.63057856729,-93985.5381125155,1414253.76420213,2322879.69950332,437320.1520485,794440.026019375,518349.139525659,1688034.22036895,327066.543421037,236160.084337477,327603.824159122,105494.12305664,698964.872704686,611965.892407149,2505639.29393302,1723031.58548164,297157.599726213,-20274028.29944,12754080713.4643,19871784075.9668,3994303646.25537,7111360260.86889,4720061927.40717,14798730474.4426,2895646687.64971,1952984922.78437,3003914865.46957,1023458736.93039,6435367024.51513,5757981684.33713,21592342299.633,14935646826.4882,2503033409.93065,-176160295783.982,183192885.262987,-634669508420.623
